X1,Error,DV
7,-24.97326098,434.026739
7,-2.746132477,456.2538675
7,-5.582337089,453.4176629
7,11.22621336,470.2262134
7,-8.020827924,450.9791721
7,-11.6199248,447.3800752
7,-0.890785514,458.1092145
7,13.78652762,472.7865276
7,48.5605425,507.5605425
7,19.97330837,478.9733084
7,35.73674102,494.736741
7,21.19900091,480.1990009
7,1.471223957,460.471224
7,17.66844241,476.6684424
7,28.40104231,487.4010423
7,-18.4814571,440.5185429
7,24.92087292,483.9208729
7,-8.672384843,450.3276152
7,8.43479081,467.4347908
7,-6.094039385,452.9059606
7,22.57033415,481.5703341
7,36.76834691,495.7683469
7,9.965105821,468.9651058
7,17.46432587,476.4643259
7,30.91497135,489.9149713
7,42.65389383,501.6538938
7,32.60844354,491.6084435
7,39.54629176,498.5462918
7,-3.365644259,455.6343557
7,14.40888461,473.4088846
7,43.05653027,502.0565303
7,3.424625615,462.4246256
7,46.93700941,505.9370094
7,50.09558417,509.0955842
7,45.43712293,504.4371229
7,36.08533102,495.085331
7,37.51491343,496.5149134
7,20.70077882,479.7007788
8,31.15391149,527.1539115
8,32.82777677,528.8277768
8,13.43279278,509.4327928
8,-10.23365901,485.766341
8,-15.9623384,480.0376616
8,-4.669317889,491.3306821
8,6.737065589,502.7370656
8,9.139482594,505.1394826
8,12.83286895,508.832869
8,-20.19189633,475.8081037
8,32.99098117,528.9909812
8,35.76343657,531.7634366
8,40.81714015,536.8171401
8,32.96975376,528.9697538
8,40.74233687,536.7423369
8,33.77649978,529.7764998
8,-9.539810103,486.4601899
8,30.85642778,526.8564278
8,24.84262088,520.8426209
8,36.63261918,532.6326192
8,56.99566121,552.9956612
8,34.07955681,530.0795568
8,37.25508124,533.2550812
8,16.37283313,512.3728331
8,12.75214716,508.7521472
8,29.39799041,525.3979904
8,33.36930207,529.3693021
8,-5.378623413,490.6213766
8,21.80706557,517.8070656
8,-0.029976984,495.970023
8,30.91264757,526.9126476
8,52.01340964,548.0134096
8,16.70022998,512.70023
8,9.318992941,505.3189929
8,42.93799513,538.9379951
8,37.40237206,533.4023721
9,28.18285377,561.1828538
9,57.73424085,590.7342409
9,9.38972499,542.389725
9,26.29217116,559.2921712
9,64.06288917,597.0628892
9,-44.4045882,488.5954118
9,41.63773975,574.6377397
9,70.85503803,603.855038
9,29.9865396,562.9865396
9,3.427904954,536.427905
9,41.09642477,574.0964248
9,75.48771816,608.4877182
9,5.509174351,538.5091744
9,44.44203235,577.4420323
9,49.16143849,582.1614385
9,16.52734089,549.5273409
9,30.22716251,563.2271625
9,3.77288551,536.7728855
9,5.736977804,538.7369778
9,55.40724978,588.4072498
9,43.82149622,576.8214962
9,10.7696999,543.7696999
10,-13.2253027,556.7746973
10,33.85022764,603.8502276
10,26.18641493,596.1864149
10,29.36511419,599.3651142
10,14.14424938,584.1442494
10,3.49001285,573.4900128
10,53.02390292,623.0239029
10,39.84934034,609.8493403
10,21.20210051,591.2021005
10,32.63586391,602.6358639
10,-12.39942688,557.6005731
10,5.988384867,575.9883849
10,-26.43126629,543.5687337
10,21.136936,591.136936
10,17.40182201,587.401822
10,37.63261095,607.632611
10,-10.24817178,559.7518282
10,-6.509639887,563.4903601
10,12.01336472,582.0133647
10,13.93677654,583.9367765
10,12.78515042,582.7851504
10,13.2254411,583.2254411
10,-7.807484229,562.1925158
10,42.77176405,612.7717641
10,24.1098202,594.1098202
10,20.97369306,590.9736931
10,-12.57932253,557.4206775
10,54.38163472,624.3816347
10,13.34953357,583.3495336
10,53.77601204,623.776012
10,37.21389428,607.2138943
10,21.70260031,591.7026003
10,5.927418638,575.9274186
10,-22.17139675,547.8286033
10,20.81208891,590.8120889
10,47.57965779,617.5796578
10,35.72783944,605.7278394
10,36.16499441,606.1649944
10,44.03163849,614.0316385
10,27.85984487,597.8598449
10,44.95926782,614.9592678
11,39.90067477,646.9006748
11,-30.43518864,576.5648114
11,25.83676711,632.8367671
11,9.368188783,616.3681888
11,11.7589594,618.7589594
11,-0.767424284,606.2325757
11,4.553821357,611.5538214
11,10.64780945,617.6478095
11,-8.51057965,598.4894203
11,-29.72946451,577.2705355
11,7.144209157,614.1442092
11,49.17537391,656.1753739
11,41.15439705,648.154397
11,-6.527537676,600.4724623
11,-11.49910128,595.5008987
11,-7.745501942,599.2544981
11,4.794298298,611.7942983
11,3.08340647,610.0834065
11,46.9605007,653.9605007
11,30.74323008,637.7432301
11,17.55560647,624.5556065
11,21.46173664,628.4617366
11,21.43251411,628.4325141
11,44.79512198,651.795122
11,52.51504414,659.5150441
11,-20.06539994,586.9346001
11,19.98918623,626.9891862
11,31.80930346,638.8093035
11,34.93243293,641.9324329
11,-8.74456271,598.2554373
11,-12.34437836,594.6556216
11,27.34538087,634.3453809
12,8.654585881,652.6545859
12,14.346496,658.346496
12,-0.596939622,643.4030604
12,-15.21578934,628.7842107
12,64.55240106,708.5524011
12,37.00052599,681.000526
12,17.3258833,661.3258833
12,36.24831093,680.2483109
12,62.56679827,706.5667983
12,29.60373227,673.6037323
12,61.96648282,705.9664828
12,9.72344666,653.7234467
12,17.0763073,661.0763073
12,26.04101269,670.0410127
12,-3.675349131,640.3246509
12,2.670939865,646.6709399
12,33.96627054,677.9662705
12,34.13328368,678.1332837
12,30.75468759,674.7546876
12,1.909475797,645.9094758
12,29.13193186,673.1319319
12,35.14216855,679.1421686
12,6.500763414,650.5007634
12,50.55805853,694.5580585
12,-8.596755454,635.4032445
12,-5.68604962,638.3139504
12,37.2646795,681.2646795
12,16.8158703,660.8158703
12,9.49453135,653.4945313
12,10.04527668,654.0452767
12,24.74931868,668.7493187
12,27.75759446,671.7575945
12,34.61660106,678.6166011
12,30.60745255,674.6074526
13,6.859298219,687.8592982
13,20.09144681,701.0914468
13,46.03814207,727.0381421
13,-4.681993878,676.3180061
13,-24.94150921,656.0584908
13,60.55685512,741.5568551
13,17.5763613,698.5763613
13,45.94863688,726.9486369
13,13.96449775,694.9644977
13,3.615148897,684.6151489
13,35.5030536,716.5030536
13,40.79384071,721.7938407
13,14.53548439,695.5354844
13,-3.206534624,677.7934654
13,8.686364579,689.6863646
13,-9.096945115,671.9030549
13,45.38456985,726.3845699
13,54.28527097,735.285271
13,-15.54138831,665.4586117
13,24.89926942,705.8992694
13,11.33903891,692.3390389
13,40.83611442,721.8361144
13,44.68034858,725.6803486
13,-13.05494248,667.9450575
13,18.57362622,699.5736262
13,13.58693264,694.5869326
13,13.77344632,694.7734463
13,11.22168395,692.221684
13,-16.12669417,664.8733058
13,29.34645998,710.34646
13,39.83940627,720.8394063
14,23.21254166,741.2125417
14,16.62208403,734.622084
14,-1.871623708,716.1283763
14,43.91706293,761.9170629
14,-4.555085927,713.4449141
14,38.43183304,756.431833
14,30.67284606,748.6728461
14,-22.6561772,695.3438228
14,24.13541078,742.1354108
14,63.69558935,781.6955893
14,-7.877308376,710.1226916
14,55.32543042,773.3254304
14,-9.549953836,708.4500462
14,24.07546989,742.0754699
14,88.69501372,806.6950137
14,14.90412374,732.9041237
14,-18.39046707,699.6095329
14,9.224937498,727.2249375
14,18.34804561,736.3480456
14,37.99745958,755.9974596
14,34.77936583,752.7793658
14,-22.54845892,695.4515411
14,53.48224743,771.4822474
14,11.62436207,729.6243621
14,62.65477439,780.6547744
14,16.69558922,734.6955892
14,-68.72865564,649.2713444
14,12.40021435,730.4002144
14,37.32169313,755.3216931
14,9.298460197,727.2984602
14,19.14236913,737.1423691
14,36.41068837,754.4106884
14,16.84482221,734.8448222
15,8.812392865,763.8123929
15,-36.6844455,718.3155545
15,-24.31088091,730.6891191
15,32.36869683,787.3686968
15,36.70793761,791.7079376
15,16.03477994,771.0347799
15,48.82864564,803.8286456
15,-2.7548083,752.2451917
15,-25.53120135,729.4687986
15,-16.10676371,738.8932363
15,2.03013699,757.030137
15,-12.88765271,742.1123473
15,2.950859349,757.9508593
15,19.04557924,774.0455792
15,15.77580865,770.7758087
15,45.95249383,800.9524938
15,29.35954504,784.359545
15,36.82186576,791.8218658
15,24.24170448,779.2417045
15,18.30568827,773.3056883
15,32.86114576,787.8611458
15,62.35841999,817.35842
15,23.47703681,778.4770368
15,-0.528936399,754.4710636
15,3.570209838,758.5702098
15,-34.78168347,720.2183165
15,8.365957731,763.3659577
15,-2.790430215,752.2095698
15,47.28287087,802.2828709
15,4.055225997,759.055226
15,-1.168832449,753.8311676
15,-0.920621636,754.0793784
15,13.85022013,768.8502201
20,41.442,981.442
20,14.29523147,954.2952315
20,46.87415842,986.8741584
20,35.07462092,975.0746209
20,51.93442802,991.934428
20,56.52420917,996.5242092
20,29.59326934,969.5932693
20,-21.03743507,918.9625649
20,25.23563757,965.2356376
20,-27.23773691,912.7622631
20,54.70296946,994.7029695
20,50.66781759,990.6678176
20,72.0297156,1012.029716
20,11.89064577,951.8906458
20,38.35842198,978.358422
20,34.15527445,974.1552744
20,54.63454951,994.6345495
20,18.77449544,958.7744954
20,2.432314246,942.4323142
20,50.84356509,990.8435651
20,40.78590123,980.7859012
20,26.74256094,966.7425609
20,3.628763701,943.6287637
20,27.48493037,967.4849304
20,-0.326692169,939.6733078
20,20.48664993,960.4866499
20,26.60560595,966.6056059
20,-16.894065,923.105935
20,24.10427571,964.1042757
20,61.87303635,1001.873036
20,19.53139727,959.5313973
20,62.28326063,1002.283261
20,8.334813615,948.3348136
20,11.8498173,951.8498173
20,20.83344144,960.8334414
20,-19.42557546,920.5744245
20,45.17593231,985.1759323
20,-42.04070249,897.9592975
20,8.457057446,948.4570574
20,5.028034787,945.0280348
20,14.53150107,954.5315011
20,54.95087066,994.9508707
20,8.60366952,948.6036695
20,49.90189546,989.9018955
20,15.68078092,955.6807809
20,1.888428494,941.8884285
20,48.48852601,988.488526
20,63.67236833,1003.672368
20,20.01382004,960.01382
20,-14.97074289,925.0292571
20,53.06102132,993.0610213
20,65.15297207,1005.152972
20,8.459096957,948.459097
20,26.50012144,966.5001214
20,21.76117619,961.7611762
20,4.62353799,944.623538
20,31.9552084,971.9552084
20,15.92432273,955.9243227
20,40.95595587,980.9559559
20,35.71632693,975.7163269
20,-23.58330411,916.4166959
20,14.05802668,954.0580267
20,-10.82469469,929.1753053
20,25.30671605,965.3067161
20,11.79772677,951.7977268
20,6.893169369,946.8931694
20,-13.3794699,926.6205301
20,19.35823389,959.3582339
20,26.94727049,966.9472705
20,49.60318735,989.6031874
20,29.16208064,969.1620806
20,61.02458396,1001.024584
20,32.35241554,972.3524155
20,35.23222544,975.2322254
20,-8.453545445,931.5464546
20,25.79764358,965.7976436
20,9.821777484,949.8217775
20,27.64489638,967.6448964
20,7.950607069,947.9506071
20,-3.115150322,936.8848497
20,12.79423284,952.7942328
21,21.20099128,998.2009913
21,34.77399867,1011.773999
21,9.473444133,986.4734441
21,19.58709367,996.5870937
21,2.915262721,979.9152627
21,27.31186375,1004.311864
21,40.91207715,1017.912077
21,59.10941631,1036.109416
21,33.42943974,1010.42944
21,98.02716182,1075.027162
21,35.31677901,1012.316779
21,59.3254991,1036.325499
21,71.12135429,1048.121354
21,51.33873666,1028.338737
21,31.57836833,1008.578368
21,7.244919508,984.2449195
21,23.08240876,1000.082409
21,10.40450611,987.4045061
21,59.47561322,1036.475613
21,29.49940125,1006.499401
21,2.915285417,979.9152854
21,33.00030996,1010.00031
21,4.635611836,981.6356118
21,3.931365407,980.9313654
21,23.05335044,1000.05335
21,27.82929722,1004.829297
21,-8.006828014,968.993172
21,63.8293659,1040.829366
21,41.51566404,1018.515664
21,-25.91880216,951.0811978
21,36.13040289,1013.130403
21,45.00289451,1022.002895
21,7.283394327,984.2833943
21,37.02305334,1014.023053
21,14.27528766,991.2752877
21,51.88253478,1028.882535
21,4.883216234,981.8832162
21,26.39812849,1003.398128
21,38.66433816,1015.664338
21,2.659957338,979.6599573
21,-23.31368789,953.6863121
21,18.85595985,995.8559598
21,17.47237158,994.4723716
21,31.06723195,1008.067232
21,19.37860491,996.3786049
21,53.81433222,1030.814332
21,12.29309823,989.2930982
21,31.58473451,1008.584735
21,55.33118712,1032.331187
21,-27.33975352,949.6602465
21,6.908044979,983.908045
21,37.79618619,1014.796186
21,26.66147418,1003.661474
21,-6.87648286,970.1235171
21,92.49113724,1069.491137
21,15.05701954,992.0570195
21,40.02086559,1017.020866
21,60.93865737,1037.938657
21,-4.126195322,972.8738047
21,0.705422029,977.705422
21,15.11477767,992.1147777
21,-6.802007157,970.1979928
21,14.99489656,991.9948966
21,-3.120433792,973.8795662
21,17.99994223,994.9999422
21,18.52016877,995.5201688
21,2.444603851,979.4446039
21,25.45520369,1002.455204
21,-10.25363439,966.7463656
21,-6.495855046,970.504145
21,41.06797115,1018.067971
21,6.201794281,983.2017943
21,23.72531085,1000.725311
21,25.74625658,1002.746257
21,16.34872594,993.3487259
22,3.623027727,1017.623028
22,12.18853505,1026.188535
22,34.16168311,1048.161683
22,11.56139449,1025.561394
22,56.98023555,1070.980236
22,-19.3853461,994.6146539
22,10.45063539,1024.450635
22,-14.71335313,999.2866469
22,47.31348701,1061.313487
22,33.70048475,1047.700485
22,39.66865413,1053.668654
22,35.86221493,1049.862215
22,-33.1586259,980.8413741
22,2.679802054,1016.679802
22,0.736604492,1014.736604
22,39.66016623,1053.660166
22,16.39259408,1030.392594
22,-7.445341894,1006.554658
22,17.97432911,1031.974329
22,-18.74306799,995.256932
22,24.59904199,1038.599042
22,-6.631453212,1007.368547
22,24.6528649,1038.652865
22,-32.59805908,981.4019409
22,-24.02845072,989.9715493
22,-8.843576974,1005.156423
22,41.87659181,1055.876592
22,-33.38968365,980.6103163
22,20.86187188,1034.861872
22,20.68815631,1034.688156
22,42.69718756,1056.697188
22,33.46155931,1047.461559
22,12.41443582,1026.414436
22,30.67563851,1044.675639
22,-14.31107851,999.6889215
22,-3.599520867,1010.400479
22,11.34804043,1025.34804
22,11.06673636,1025.066736
22,2.69266085,1016.692661
22,34.42472367,1048.424724
22,21.58161177,1035.581612
22,-22.44015057,991.5598494
22,-7.886047996,1006.113952
22,22.18213871,1036.182139
22,53.30743071,1067.307431
22,64.26833261,1078.268333
22,-19.2371279,994.7628721
22,-14.03850137,999.9614986
22,-11.3731583,1002.626842
22,56.83702851,1070.837029
22,37.64981598,1051.649816
22,10.04208213,1024.042082
22,0.302949015,1014.302949
22,-7.680044532,1006.319955
22,40.77166815,1054.771668
22,-11.01637986,1002.98362
22,-20.30029918,993.6997008
22,9.58193668,1023.581937
22,70.06489359,1084.064894
22,-6.631565337,1007.368435
22,75.98304393,1089.983044
22,17.60602973,1031.60603
22,-41.31192742,972.6880726
22,69.0637807,1083.063781
22,-24.51355977,989.4864402
22,24.12307632,1038.123076
22,54.68219685,1068.682197
22,15.67504003,1029.67504
22,30.97012361,1044.970124
22,13.56284232,1027.562842
22,4.70707185,1018.707072
22,39.90751348,1053.907513
22,41.72903448,1055.729034
22,49.14478048,1063.14478
22,56.8553964,1070.855396
22,15.59893161,1029.598932
23,-4.167577305,1046.832423
23,19.68078739,1070.680787
23,3.50462012,1054.50462
23,-10.70464624,1040.295354
23,24.71176138,1075.711761
23,62.23828678,1113.238287
23,-25.57959728,1025.420403
23,40.25624091,1091.256241
23,51.38383771,1102.383838
23,20.69119208,1071.691192
23,52.79612301,1103.796123
23,9.441101998,1060.441102
23,34.30927539,1085.309275
23,34.73560394,1085.735604
23,40.28977639,1091.289776
23,-18.58837471,1032.411625
23,39.29266827,1090.292668
23,-6.913385484,1044.086615
23,52.48042984,1103.48043
23,31.65233177,1082.652332
23,11.33091378,1062.330914
23,43.17965976,1094.17966
23,-27.72314844,1023.276852
23,41.62914651,1092.629147
23,37.46567594,1088.465676
23,-3.226159905,1047.77384
23,5.584779669,1056.58478
23,39.00619633,1090.006196
23,29.13971559,1080.139716
23,7.601252972,1058.601253
23,-6.432983777,1044.567016
23,54.12975146,1105.129751
23,26.62812517,1077.628125
23,-0.816819608,1050.18318
23,-27.42358045,1023.57642
23,-26.13216109,1024.867839
23,33.47514889,1084.475149
23,3.228431374,1054.228431
23,65.29529019,1116.29529
23,-3.566792971,1047.433207
23,39.96262875,1090.962629
23,45.71203504,1096.712035
23,52.10119628,1103.101196
23,76.43717308,1127.437173
23,4.644624622,1055.644625
23,15.4506125,1066.450612
23,1.455216461,1052.455216
23,45.03719162,1096.037192
23,-17.82591319,1033.174087
23,19.25650939,1070.256509
23,6.581513755,1057.581514
23,30.01575197,1081.015752
23,-4.86945249,1046.130548
23,37.27523034,1088.27523
23,9.585349818,1060.58535
23,19.21579661,1070.215797
23,22.99749149,1073.997491
23,-20.15194523,1030.848055
23,20.80352052,1071.803521
23,37.64714976,1088.64715
23,50.20260355,1101.202604
23,11.87668976,1062.87669
23,19.03249593,1070.032496
23,-12.71236847,1038.287632
23,15.91073956,1066.91074
23,60.70600243,1111.706002
23,-6.124663696,1044.875336
23,22.75810581,1073.758106
1476,14.87245043,54826.87245
1922,43.29385021,71357.29385
2750,7.705452125,101957.7055
7541,30.61049333,279247.6105
7775,43.68716214,287918.6872
8281,7.139560569,306604.1396
8525,26.04130939,315651.0413
9359,-21.06801638,346461.932
15001,43.93597168,555280.936
15762,14.92550007,583408.9255
20629,11.64092084,763484.6409
20953,47.53931657,775508.5393
25002,27.71329815,925301.7133
25239,20.07073814,934063.0707
30304,12.54103835,1121460.541
30342,45.14193299,1122899.142
31062,57.20808973,1149551.208
33908,27.5424142,1254823.542
34041,32.78112062,1259749.781
34208,27.00219547,1265923.002
38241,27.71166241,1415144.712
38957,-5.785613807,1441603.214
40519,30.86947601,1499433.869
41847,55.66923306,1548594.669
47063,43.61456757,1741574.615
47099,32.57776009,1742895.578
47796,62.04257419,1768714.043
50793,-24.72801909,1879516.272
51896,19.46463064,1920371.465
53080,3.601630742,1964163.602
53845,48.66266854,1992513.663
56492,22.7334572,2090426.733
61428,21.90643476,2273057.906
62397,69.37554382,2308958.376
62822,40.34959628,2324654.35
63686,12.14741809,2356594.147
65391,34.26598192,2419701.266
67239,1.222108397,2488044.222
73353,-15.77941305,2714245.221
77336,41.11459304,2861673.115
77452,-0.149706914,2865923.85
77973,19.91925072,2885220.919
78495,-12.11562832,2904502.884
80251,16.67462466,2969503.675
82282,19.25403571,3044653.254
83431,17.65500961,3087164.655
83972,26.48735759,3107190.487
89581,37.4082655,3314734.408
91319,72.49098565,3379075.491
91628,13.79319754,3390449.793
94215,-2.497576618,3486152.502
96405,39.47646072,3567224.476
96863,32.67233186,3584163.672
99466,12.74175861,3680454.742
101913,42.81935804,3771023.819
102013,37.79295519,3774718.793
102624,77.66333173,3797365.663
102977,30.5435125,3810379.544
103331,-0.176589991,3823446.823
104109,31.18550511,3852264.186
105191,19.86054378,3892286.861
105757,15.80196389,3913224.802
107252,32.47551719,3968556.476
109722,49.63702242,4059963.637
117004,52.55676708,4329400.557
118436,26.15849628,4382358.158
118463,22.65743278,4383353.657
119679,12.5367056,4428335.537
121436,18.48765094,4493350.488
122519,25.21207779,4533428.212
124358,-20.84823113,4601425.152
125222,-25.88851828,4633388.111
126316,41.99484189,4673933.995
127110,15.63082652,4703285.631
129011,-25.13603893,4773581.864
129107,-18.85623747,4777140.144
129978,0.796922152,4809386.797
132344,12.63224948,4896940.632
135358,-13.80358082,5008432.196
137002,-10.46468081,5069263.535
137466,51.91698123,5086493.917
140461,-1.639391058,5197255.361
147374,-19.67521009,5453018.325
149360,37.02463135,5526557.025
149620,14.75931095,5536154.759
150928,-12.36761026,5584523.632
158800,28.4968846,5875828.497
158922,68.44188336,5880382.442
159014,7.467768664,5883725.468
162327,1.193024779,6006300.193
163040,6.461815428,6032686.462
163235,7.820868035,6039902.821
166956,3.621705755,6177575.622
169432,31.7635695,6269215.764
171170,47.93023706,6333537.93
171664,10.84016053,6351778.84
173297,-20.33520649,6412168.665
176479,46.62533201,6529969.625
176768,23.18042654,6540639.18
178794,-4.377024324,6615573.623
179250,40.32872477,6632490.329
179709,-9.171384956,6649423.829
183003,6.440922442,6771317.441
184953,29.40439233,6843490.404
189449,0.98201007,7009813.982
189849,10.53596651,7024623.536
190499,0.820474898,7048663.82
199345,17.94909107,7375982.949
199693,-11.17356364,7388829.826
203591,59.87862812,7533126.879
204353,-15.06526492,7561245.935
206166,4.051630382,7628346.052
208517,40.69185713,7715369.692
209287,10.4973065,7743829.497
209659,35.17526733,7757618.175
210311,47.42195132,7781754.422
211269,-10.59747375,7817142.403
213492,62.37981624,7899466.38
214074,28.48278743,7920966.483
214782,52.86134747,7947186.861
218567,3.740893522,8087182.741
219154,-7.63528585,8108890.365
220569,9.484842161,8161262.485
221297,27.66476097,8188216.665
224159,19.07585185,8294102.076
224461,-27.87825597,8305229.122
225113,25.5699535,8329406.57
225447,55.53898627,8341794.539
227793,67.40347515,8428608.403
230019,18.8087196,8510921.809
234073,12.59212648,8660913.592
234136,0.716732049,8663232.717
234774,22.38883953,8686860.389
235369,12.58886139,8708865.589
244019,8.298936239,9028911.299
247250,54.02343548,9148504.023
248393,64.33758139,9190805.338
254181,-8.738448251,9404888.262
255515,73.13103122,9454328.131
258495,21.21315246,9564536.213
260132,30.40177842,9625114.402
265243,-4.796251951,9814186.204
268721,6.328935585,9942883.329
269221,40.74010765,9961417.74
269232,29.51121093,9961813.511
269730,-1.417917261,9980208.582
270066,-2.50561815,9992639.494
270906,48.56254581,10023770.56
271211,21.1983834,10035028.2
271867,58.72930476,10059337.73
272142,-13.5965157,10069440.4
272438,-17.91615603,10080388.08
273702,-10.72658465,10127163.27
274591,-3.468255115,10160063.53
277498,21.76722584,10267647.77
278580,3.678576913,10307663.68
281512,6.607322275,10416150.61
282703,16.08120375,10460227.08
284247,42.00085093,10517381
288358,48.02559107,10669494.03
290240,3.428977232,10739083.43
290443,58.55340521,10746649.55
290623,37.38257024,10753288.38
291012,53.25394342,10767697.25
292568,-14.0903896,10825201.91
294316,58.77646765,10889950.78
296706,-1.063435334,10978320.94
300463,1.119651049,11117332.12
301187,14.01704516,11144133.02
303300,19.39375172,11222319.39
303664,58.35804605,11235826.36
304869,31.15324254,11280384.15
308071,23.3853448,11398850.39
309948,-7.419179784,11468268.58
311506,-12.33705558,11525909.66
312839,-8.112112217,11575234.89
319805,53.15171982,11833038.15
320346,65.1910261,11853067.19
320444,3.502365076,11856631.5
320808,43.80218993,11870139.8
321617,-22.15315554,11900006.85
325986,12.76416218,12061694.76
329862,34.88185101,12205128.88
332770,-0.661643992,12312689.34
333002,4.935654857,12321278.94
334380,7.232172728,12372267.23
341176,17.47362429,12623729.47
341667,-28.02041904,12641850.98
345719,26.15739828,12791829.16
350986,77.67632432,12986759.68
352237,3.683143019,13032972.68
353275,50.86435687,13071425.86
356885,12.95981016,13204957.96
357460,31.89484446,13226251.89
357968,27.57426027,13245043.57
358474,10.49736003,13263748.5
363025,16.3331451,13432141.33
363809,21.42476018,13461154.42
364400,75.53412985,13483075.53
367548,-5.91502431,13599470.08
369109,-20.65558247,13657212.34
369466,12.84645487,13670454.85
369732,25.44574322,13680309.45
370606,12.82659353,13712634.83
371080,25.36501861,13730185.37
372852,31.64611769,13795755.65
372868,2.71073057,13796318.71
372897,10.97998779,13797399.98
377455,24.59582249,13966059.6
378513,70.75277368,14005251.75
378676,15.90369651,14011227.9
378756,19.87323235,14014191.87
382985,27.88215061,14170672.88
385064,-0.871808991,14247567.13
386312,21.03616149,14293765.04
387846,36.68903626,14350538.69
389773,-22.31957944,14421778.68
390929,26.89695987,14464599.9
393799,64.00029733,14570827
403508,36.16044523,14930032.16
404648,25.9691339,14972201.97
406020,31.61498123,15022971.61
406976,-7.446069371,15058304.55
407546,26.38977532,15079428.39
408134,6.108775195,15101164.11
411951,31.52042359,15242418.52
414945,-30.3345677,15353134.67
417910,33.80966399,15462903.81
422930,10.67878491,15648620.68
425140,42.33196272,15730422.33
425665,-39.82091185,15749765.18
431292,43.15122045,15958047.15
435583,61.90324335,16116832.9
435828,-22.19711269,16125813.8
436673,39.19048401,16157140.19
439795,20.82426185,16272635.82
440150,35.347211,16285785.35
440977,41.62657319,16316390.63
444008,-22.75945696,16428473.24
445761,11.84912324,16493368.85
448638,6.796029344,16599812.8
450024,13.39885411,16651101.4
452374,8.488338015,16738046.49
458286,-27.38556545,16956754.61
459005,36.0886779,16983421.09
459095,-9.907738518,16986705.09
460189,46.17622038,17027239.18
462340,17.01936947,17106797.02
464446,6.869836525,17184708.87
466679,9.22985008,17267332.23
468259,-35.29228247,17325747.71
472223,58.57025349,17472509.57
472520,-10.9524153,17483429.05
476015,17.45474594,17612772.45
476432,55.16671966,17628239.17
477166,-5.6969207,17655336.3
479521,72.15800855,17742549.16
480786,17.15539375,17789299.16
481629,24.17234633,17820497.17
483120,54.61010725,17875694.61
483179,-12.45440249,17877810.55
484260,22.05237835,17917842.05
485820,36.61110506,17975576.61
492276,28.82604507,18214440.83
492420,54.5045156,18219794.5
492744,13.92839838,18231741.93
493328,43.87937456,18253379.88
498105,61.255173,18430146.26
499109,44.94289356,18467277.94
499317,42.66894939,18474971.67
500976,30.34709229,18536342.35
502215,24.91446061,18582179.91
503992,30.34086398,18647934.34
504013,39.52988867,18648720.53
505991,6.354321074,18721873.35
510908,33.62837689,18903829.63
515651,9.980715367,19079296.98
525229,55.07575683,19433728.08
528992,28.75396774,19572932.75
535069,22.51298891,19797775.51
535614,51.44872648,19817969.45
537821,-4.988601714,19899572.01
538713,33.82996823,19932614.83
543332,-10.65977874,20103473.34
550263,19.68794781,20359950.69
551973,21.67083057,20423222.67
558620,11.66413566,20669151.66
559324,20.41667216,20695208.42
559733,42.90924626,20710363.91
562626,-21.66511155,20817340.33
562863,-0.764743008,20826130.24
563793,2.771852996,20860543.77
564138,-7.746963193,20873298.25
567197,40.74654271,20986529.75
568360,40.96682189,21029560.97
568533,5.69541619,21035926.7
571391,50.24906886,21141717.25
572899,20.33317441,21197483.33
573856,18.64672108,21232890.65
577296,43.90633994,21360195.91
579779,19.30337697,21452042.3
581719,71.00341914,21523874
584979,24.07687228,21644447.08
592182,13.28663064,21910947.29
592243,9.190684038,21913200.19
594327,51.53187755,21990350.53
594418,20.14870349,21993686.15
597369,19.20943454,22102872.21
598709,27.89065534,22152460.89
599114,-13.91447054,22167404.09
599387,43.20963674,22177562.21
600400,15.44679661,22215015.45
600447,12.76447711,22216751.76
602129,68.93287667,22279041.93
604418,31.68386584,22363697.68
604622,46.87699388,22371260.88
609926,68.43149382,22567530.43
610752,-14.01009786,22598009.99
612645,32.87871775,22668097.88
613008,-28.90041811,22681467.1
613222,6.175775444,22689420.18
615437,12.63418866,22771381.63
618344,37.1859576,22878965.19
618602,-5.663311432,22888468.34
619027,1.020132605,22904200.02
619322,25.26658942,22915139.27
620405,51.92702735,22955236.93
621273,7.196266733,22987308.2
623525,30.2308321,23070655.23
627993,28.64689484,23235969.65
628085,51.63538406,23239396.64
628372,16.04437437,23249980.04
629981,0.340428074,23309497.34
635997,50.04779791,23532139.05
636545,27.38723036,23552392.39
638220,45.37706168,23614385.38
638819,12.1851396,23636515.19
639315,-11.64693923,23654843.35
640882,39.50339693,23712873.5
641687,-18.91045456,23742600.09
644400,18.65029791,23843018.65
647217,55.29296104,23947284.29
655025,69.84911137,24236194.85
656727,-29.99391125,24299069.01
659714,60.29168867,24409678.29
661682,19.51189802,24482453.51
661863,28.94419244,24489159.94
664630,19.45297051,24591529.45
665543,38.2557011,24625329.26
665878,26.13141239,24637712.13
666837,20.80270195,24673189.8
667122,43.5002285,24683757.5
667224,16.59503906,24687504.6
668665,35.97502712,24740840.98
669366,70.55351196,24766812.55
669882,-6.974706229,24785827.03
670722,39.06371552,24816953.06
674434,28.05027117,24954286.05
675133,0.326087929,24980121.33
682813,-6.877736532,25264274.12
683979,33.19588695,25307456.2
684573,17.74399567,25329418.74
686519,46.10419687,25401449.1
687997,4.548235604,25456093.55
689272,4.620384113,25503268.62
690913,31.45199543,25564012.45
693260,12.1655867,25650832.17
696062,48.985254,25754542.99
702220,21.5757783,25982361.58
702328,-6.59747039,25986329.4
702368,19.60665292,25987835.61
703331,-11.61086428,26023435.39
705554,8.962169437,26105706.96
705916,14.35999215,26119106.36
706311,-13.54184787,26133693.46
706866,-22.01387213,26154219.99
707699,26.92056467,26185089.92
708740,6.097454102,26223586.1
711659,60.04524261,26331643.05
712949,19.18712699,26379332.19
713430,21.51695972,26397131.52
715545,55.72873935,26475420.73
717611,50.39006997,26551857.39
724380,8.598882092,26802268.6
724406,-5.958858635,26803216.04
725209,36.00536358,26832969.01
725266,11.7433544,26835053.74
729443,29.89158309,26989620.89
730004,46.64690284,27010394.65
734902,-10.00151412,27191564
735930,15.36944414,27229625.37
736349,22.86985207,27245135.87
738376,16.95837863,27320128.96
739059,17.24696063,27345400.25
744685,41.28195697,27553586.28
744836,23.42592722,27559155.43
745295,53.0315287,27576168.03
752948,4.577028643,27859280.58
756894,-16.3698469,28005261.63
757318,-8.885612835,28020957.11
758734,-22.27686573,28073335.72
760376,-7.560653556,28134104.44
763269,18.58595956,28241171.59
763339,43.85132534,28243786.85
764628,0.37954853,28291436.38
766490,30.67012026,28360360.67
766976,-28.83253332,28378283.17
767798,40.55918612,28408766.56
767828,8.637262619,28409844.64
768057,45.32311632,28418354.32
769320,-39.92289871,28465000.08
770997,44.70961182,28527133.71
782182,46.36348177,28940980.36
782284,-11.17854101,28944696.82
785042,8.585088725,29046762.59
786662,94.43118929,29106788.43
792563,17.54240681,29325048.54
794843,45.8406693,29409436.84
795578,-30.03452461,29436555.97
795901,6.820972563,29448543.82
799434,12.74004658,29579270.74
799469,-0.320731601,29580552.68
803673,-1.174092491,29736099.83
803950,19.70087067,29746369.7
804888,-18.15625463,29781037.84
807918,35.1169509,29893201.12
809600,-15.67463436,29955384.33
813872,7.838847024,30113471.84
819704,-23.27264121,30329224.73
820809,-11.29296766,30370121.71
821239,20.36253604,30386063.36
823797,58.31684322,30480747.32
827065,6.097448084,30601611.1
828240,41.11563359,30645121.12
832381,-4.409037066,30798292.59
834857,16.47020986,30889925.47
838315,30.90979606,31017885.91
839363,44.73356377,31056675.73
841094,-28.82850518,31120649.17
841956,16.40059782,31152588.4
842058,35.82050419,31156381.82
842684,16.16008692,31179524.16
843519,39.6593768,31210442.66
843535,6.333480772,31211001.33
846867,24.80307649,31334303.8
849043,0.407978441,31414791.41
850587,-24.9143918,31471894.09
850625,7.015607141,31473332.02
851345,-13.13481636,31499951.87
852227,14.31054021,31532613.31
854929,7.403414187,31632580.4
855741,45.24179976,31662662.24
856115,14.20472819,31676469.2
857495,39.26394226,31727554.26
861564,72.09009542,31878140.09
862467,38.87426307,31911517.87
863802,14.78052505,31960888.78
867813,3.574350193,32109284.57
874316,34.3704908,32349926.37
875466,42.97409237,32392484.97
876713,47.06215948,32438628.06
881974,20.56285337,32633258.56
885818,-6.928874677,32775459.07
886742,27.06502163,32809681.07
890337,35.35107194,32942704.35
892487,25.86638891,33022244.87
893380,-11.132629,33055248.87
895287,-30.104332,33125788.9
896783,0.758629427,33181171.76
901665,6.370455857,33361811.37
905216,16.35283116,33493208.35
907521,65.88640435,33578542.89
908682,16.06031864,33621450.06
914607,29.00437894,33840688
915339,28.87801113,33867771.88
916993,26.90649277,33928967.91
918374,33.63656107,33980071.64
921026,25.76557083,34078187.77
922848,-13.10484034,34145562.9
922873,27.49189835,34146528.49
923863,-16.05828658,34183114.94
924861,27.80660812,34220084.81
927592,-1.342988027,34321102.66
929496,4.812766676,34391556.81
933102,19.98818423,34524993.99
933417,17.11394497,34536646.11
933662,48.39276429,34545742.39
935723,-16.34981112,34621934.65
940994,58.61117689,34817036.61
943184,54.96730129,34898062.97
943466,60.45226086,34908502.45
943669,-24.13803097,34915928.86
948739,17.84195748,35103560.84
949971,35.8586635,35149162.86
950689,3.224018854,35175696.22
951930,60.47135803,35221670.47
952351,64.58350535,35237251.58
952952,26.77500565,35259450.78
954779,44.42801478,35327067.43
955700,55.30528828,35361155.31
956555,6.346811792,35392741.35
957941,-23.85802631,35443993.14
962629,28.86889683,35617501.87
963050,43.26389264,35633093.26
964209,-18.76753032,35675914.23
965345,28.60372381,35717993.6
966683,-9.919542932,35767461.08
971756,75.94636489,35955247.95
973776,19.62734244,36029931.63
979073,33.96244504,36225934.96
980083,-3.763122723,36263267.24
981577,4.237901001,36318553.24
992571,49.46506111,36725376.47
997671,26.82594002,36914053.83
998207,3.794746949,36933862.79
998750,-1.736826376,36953948.26
1000000,28.79491708,37000228.79
1000000,15.7572844,37000215.76
1000000,33.13827223,37000233.14
1000000,-2.723188933,37000197.28
1000000,7.642289674,37000207.64
1000000,25.02181231,37000225.02
1000000,4.773707544,37000204.77
1000000,0.706851409,37000200.71
1000000,16.73822712,37000216.74
1000000,61.95796409,37000261.96
1000000,50.81001914,37000250.81
1000000,23.19614538,37000223.2
1000000,31.09983143,37000231.1
1000000,-8.337223094,37000191.66
1000001,-3.682939713,37000233.32
1000001,25.42111621,37000262.42
1000001,9.824836806,37000246.82
1000001,56.96637808,37000293.97
1000001,46.6760922,37000283.68
1000001,11.25792244,37000248.26
1000001,17.09941077,37000254.1
1000001,8.139272407,37000245.14
1000001,41.55197692,37000278.55
1000001,12.50169687,37000249.5
1000001,27.37234908,37000264.37
1000002,-52.9520912,37000221.05
1000002,9.805726645,37000283.81
1000002,1.381098018,37000275.38
1000002,-19.23985603,37000254.76
1000002,77.00873891,37000351.01
1000002,32.82244936,37000306.82
1000002,-1.431280466,37000272.57
1000002,-6.730089201,37000267.27
1000002,26.88551679,37000300.89
1000002,36.05800655,37000310.06
1000002,31.34427438,37000305.34
1000002,15.03689244,37000289.04
1000002,6.814879516,37000280.81
1000002,-15.97677959,37000258.02
1000002,-15.09710635,37000258.9
1000002,-18.49435928,37000255.51
1000003,29.26109994,37000340.26
1000003,29.00441763,37000340
1000003,79.18807651,37000390.19
1000003,0.767548582,37000311.77
1000003,4.874958348,37000315.87
1000003,22.76202196,37000333.76
1000003,0.963082784,37000311.96
1000003,30.94416933,37000341.94
1000003,53.13423092,37000364.13
1000003,5.699102078,37000316.7
1000003,6.245303941,37000317.25
1000003,-1.683810976,37000309.32
1000003,37.68713271,37000348.69
1000003,20.43555973,37000331.44
1000004,-4.019066806,37000343.98
1000004,25.13357765,37000373.13
1000004,-1.015442973,37000346.98
1000004,23.43203374,37000371.43
1000004,35.23970171,37000383.24
1000004,43.57842924,37000391.58
1000004,-9.507456072,37000338.49
1000004,24.66748505,37000372.67
1000004,12.63994971,37000360.64
1000004,30.14698628,37000378.15
1000004,2.732643681,37000350.73
1000004,-6.744359492,37000341.26
1000004,0.253180791,37000348.25
1000004,-18.09116346,37000329.91
1000004,39.78179089,37000387.78
1000005,22.87512033,37000407.88
1000005,-15.76984365,37000369.23
1000005,41.29015761,37000426.29
1000005,-1.861293095,37000383.14
1000005,13.54468522,37000398.54
1000005,-6.845636132,37000378.15
1000005,27.95581038,37000412.96
1000005,-28.34521004,37000356.65
1000005,9.24749245,37000394.25
1000005,18.54998181,37000403.55
1000005,-5.81112226,37000379.19
1000006,20.65946341,37000442.66
1000006,49.49434873,37000471.49
1000006,30.56800578,37000452.57
1000006,14.34979901,37000436.35
1000006,-8.828665096,37000413.17
1000006,21.25026184,37000443.25
1000006,-1.635160673,37000420.36
1000006,-7.530862258,37000414.47
1000006,11.86301989,37000433.86
1000006,51.43697106,37000473.44
1000006,24.08662528,37000446.09
1000006,47.85825425,37000469.86
1000006,17.32490041,37000439.32
1000006,10.34108653,37000432.34
1000006,15.97052918,37000437.97
1000006,18.36084535,37000440.36
1000007,22.61741826,37000481.62
1000007,52.24214878,37000511.24
1000007,10.75689058,37000469.76
1000007,43.74577722,37000502.75
1000007,43.67455782,37000502.67
1000007,-2.493661003,37000456.51
1000007,30.1431558,37000489.14
1000007,65.94743024,37000524.95
1000007,18.48769092,37000477.49
1000007,31.47065567,37000490.47
1000007,41.33951655,37000500.34
1000007,-19.86151085,37000439.14
1000007,-5.066718117,37000453.93
1000007,18.11507565,37000477.12
1000007,8.111897814,37000467.11
1000007,34.67503521,37000493.68
1000007,9.292967098,37000468.29
1000007,20.43462977,37000479.43
1000007,0.869687593,37000459.87
1000007,36.42373001,37000495.42
1000007,-16.14441445,37000442.86
1000007,7.349546244,37000466.35
1000007,3.777425565,37000462.78
1000008,42.48793378,37000538.49
1000008,13.87271478,37000509.87
1000008,42.42149321,37000538.42
1000008,51.99620126,37000548
1000008,-35.0063443,37000460.99
1000008,6.092332497,37000502.09
1000008,71.01328027,37000567.01
1000008,4.123862969,37000500.12
1000008,34.64896322,37000530.65
1000008,50.4064995,37000546.41
1000008,28.33383127,37000524.33
1000008,23.62571866,37000519.63
1000008,36.63483245,37000532.63
1000008,-6.010195976,37000489.99
1000008,44.01575901,37000540.02
1000009,15.08505433,37000548.09
1000009,-28.58128118,37000504.42
1000009,-25.13617978,37000507.86
1000009,33.53775882,37000566.54
1000009,5.791298916,37000538.79
1000009,90.63661664,37000623.64
1000009,-4.892607784,37000528.11
1000009,10.75882354,37000543.76
1000009,2.790673785,37000535.79
1000009,35.99206712,37000568.99
1000009,34.250458,37000567.25
1000009,17.12988231,37000550.13
1000009,24.94038287,37000557.94
1000009,-21.08018436,37000511.92
1000009,25.27309946,37000558.27
1000009,42.64991314,37000575.65
1000009,20.82834878,37000553.83
1000009,15.85352191,37000548.85
1000009,41.43440831,37000574.43
1000010,54.97713072,37000624.98
1000010,-66.01670936,37000503.98
1000010,48.72669257,37000618.73
1000010,23.63280858,37000593.63
1000010,33.37884646,37000603.38
1000010,-9.535229625,37000560.46
1000010,13.84277728,37000583.84
1000010,44.06372214,37000614.06
1000010,17.18960047,37000587.19
1000010,18.74788681,37000588.75
1000010,33.71638228,37000603.72
1000010,16.37681956,37000586.38
1000011,14.33134767,37000621.33
1000011,26.9019452,37000633.9
1000011,14.83265591,37000621.83
1000011,31.13186774,37000638.13
1000011,17.20761999,37000624.21
1000011,32.99500347,37000640
1000011,9.710151602,37000616.71
1000011,-5.680121893,37000601.32
1000011,50.7197494,37000657.72
1000011,-12.56361461,37000594.44
1000011,46.0620318,37000653.06
1000011,32.27306221,37000639.27
1000012,54.07023741,37000698.07
1000012,-0.626007396,37000643.37
1000012,33.87333759,37000677.87
1000012,3.31877533,37000647.32
1000012,22.54497739,37000666.54
1000012,59.51516345,37000703.52
1000012,28.18140429,37000672.18
1000012,1.419809821,37000645.42
1000012,39.15221662,37000683.15
1000012,41.86287466,37000685.86
1000012,-5.114557837,37000638.89
1000012,44.28227296,37000688.28
1000012,48.88654038,37000692.89
1000012,36.00695651,37000680.01
1000012,18.07274343,37000662.07
1000013,12.36553441,37000693.37
1000013,23.31399238,37000704.31
1000013,-12.42263413,37000668.58
1000013,16.78757839,37000697.79
1000013,10.57856663,37000691.58
1000013,59.50232243,37000740.5
1000013,16.81603349,37000697.82
1000013,21.73778593,37000702.74
1000013,18.47102276,37000699.47
1000013,-7.435230887,37000673.56
1000013,11.48400416,37000692.48
1000014,19.2925128,37000737.29
1000014,22.15077105,37000740.15
1000014,53.43669991,37000771.44
1000014,27.54842571,37000745.55
1000014,50.05005897,37000768.05
1000014,-7.624392552,37000710.38
1000014,-9.164467295,37000708.84
1000014,57.71896318,37000775.72
1000014,-6.139158503,37000711.86
1000014,17.78075319,37000735.78
1000015,40.97649212,37000795.98
1000015,42.19095013,37000797.19
1000015,8.143236444,37000763.14
1000015,48.00486171,37000803
1000015,8.349710784,37000763.35
1000015,23.85351678,37000778.85
1000015,-6.767367182,37000748.23
1000015,34.56562796,37000789.57
1000015,34.26892433,37000789.27
1000015,20.90941389,37000775.91
1000015,18.11952377,37000773.12
1000015,45.44248578,37000800.44
1000015,12.68467186,37000767.68
1000015,60.17416082,37000815.17
1000015,31.36931115,37000786.37
1000015,39.35586259,37000794.36
1000015,10.87393456,37000765.87
1000016,6.937943407,37000798.94
1000016,23.3336249,37000815.33
1000016,36.66808204,37000828.67
1000016,-7.133789155,37000784.87
1000016,33.83374563,37000825.83
1000016,22.65419922,37000814.65
1000016,34.11918295,37000826.12
1000016,31.11279559,37000823.11
1000016,55.85494807,37000847.85
1000016,9.600227948,37000801.6
1000016,20.73978631,37000812.74
1000016,19.10308099,37000811.1
1000016,63.51592267,37000855.52
1000017,70.18580237,37000899.19
1000017,23.49273474,37000852.49
1000017,26.57605,37000855.58
1000017,31.29531922,37000860.3
1000017,19.18213085,37000848.18
1000017,27.4851483,37000856.49
1000017,4.988368401,37000833.99
1000017,61.40619211,37000890.41
1000017,22.15781899,37000851.16
1000017,36.14257296,37000865.14
1000017,8.951390539,37000837.95
1000017,-11.70204471,37000817.3
1000017,15.91842627,37000844.92
1000018,15.09331193,37000881.09
1000018,11.69730324,37000877.7
1000018,-24.21559558,37000841.78
1000018,-10.8260029,37000855.17
1000018,40.92897107,37000906.93
1000018,36.76447219,37000902.76
1000018,26.3943571,37000892.39
1000018,35.35216095,37000901.35
1000018,31.84720158,37000897.85
1000018,32.40168351,37000898.4
1000018,23.16453271,37000889.16
1000018,29.27162844,37000895.27
1000018,24.64143781,37000890.64
1000018,10.15806946,37000876.16
1000019,42.25359576,37000945.25
1000019,35.90051774,37000938.9
1000019,25.56549326,37000928.57
1000019,21.04653981,37000924.05
1000019,20.06755534,37000923.07
1000019,43.22988476,37000946.23
1000019,8.76397199,37000911.76
1000019,46.3131168,37000949.31
1000019,25.94817392,37000928.95
1000019,20.61378729,37000923.61
1000019,46.04297127,37000949.04
1000019,-9.977275049,37000893.02
1000019,17.00797546,37000920.01
1000019,45.50277734,37000948.5
1000019,49.99404898,37000952.99
1000019,28.35090933,37000931.35
1000019,-7.323641658,37000895.68
1000019,-2.914192243,37000900.09
1000019,56.32571399,37000959.33
1000020,8.948057507,37000948.95
1000020,18.83015702,37000958.83
1000020,6.32398355,37000946.32
1000020,29.8816713,37000969.88
1000020,10.19168336,37000950.19
1000020,26.57430664,37000966.57
1000020,-26.32072384,37000913.68
1000020,-6.812655962,37000933.19
1000020,50.56245235,37000990.56
1000020,21.23012978,37000961.23
1000026,17.44912544,37001179.45
1000028,-12.04002197,37001223.96
1000028,9.802379467,37001245.8
1000029,27.45459738,37001300.45
1000029,-9.674437413,37001263.33
1000029,54.02924172,37001327.03
1000029,-2.356060281,37001270.64
1000031,13.61048367,37001360.61
1000032,-35.53278386,37001348.47
1000033,37.92508881,37001458.93
1000034,-12.74967242,37001445.25
1000035,59.02185384,37001554.02
1000035,7.669375533,37001502.67
1000035,18.36869497,37001513.37
1000035,-10.54565959,37001484.45
1000036,13.54042758,37001545.54
1000037,60.1251451,37001629.13
1000038,30.50113124,37001636.5
1000040,-37.43229856,37001642.57
1000040,-9.023948257,37001670.98
1000040,25.51208612,37001705.51
1000040,34.90136284,37001714.9
1000040,13.79049745,37001693.79
1000040,28.61028385,37001708.61
1000040,14.01923136,37001694.02
1000041,17.88889535,37001734.89
1000042,30.88382651,37001784.88
1000042,37.85049001,37001791.85
1000043,-2.528086667,37001788.47
1000043,46.49389254,37001837.49
1000044,28.2221338,37001856.22
1000044,35.39285216,37001863.39
1000044,49.50005047,37001877.5
1000044,48.67221744,37001876.67
1000044,-7.687756384,37001820.31
1000044,33.6469463,37001861.65
1000044,-1.473884385,37001826.53
1000045,15.12243741,37001880.12
1000045,49.79148084,37001914.79
1000045,24.52843935,37001889.53
1000046,16.12870125,37001918.13
1000046,50.78121819,37001952.78
1000046,30.88758259,37001932.89
1000046,7.270803332,37001909.27
1000046,-1.736877176,37001900.26
1000008,0.63176259,37000496.63
1000008,8.831241838,37000504.83
1000008,35.02866468,37000531.03
1000008,45.8616851,37000541.86
1000008,55.77654397,37000551.78
1000008,25.22228988,37000521.22
1000008,28.92536257,37000524.93
1000008,49.14124835,37000545.14
1000008,40.41162803,37000536.41
1000008,10.74812457,37000506.75
1000008,-18.39545463,37000477.6
1000008,-0.101789792,37000495.9
1000008,12.86740363,37000508.87
1000008,12.41349517,37000508.41
1000008,-20.73142721,37000475.27
1000008,38.78628338,37000534.79
1000008,-38.35721163,37000457.64
1000008,39.75354134,37000535.75
1000008,29.42716109,37000525.43
1000008,26.28762441,37000522.29
1000008,1.234739838,37000497.23
1000008,4.549069541,37000500.55
1000008,-9.037193583,37000486.96
1000008,19.56148054,37000515.56
1000008,5.037742654,37000501.04
1000008,-40.95234635,37000455.05
1000008,42.76272961,37000538.76
1000008,-8.609893336,37000487.39
1000008,24.66813462,37000520.67
1000008,22.74979593,37000518.75
1000008,45.54758852,37000541.55
1000008,97.12813619,37000593.13
1000008,46.15816326,37000542.16
1000008,8.39720356,37000504.4
1000008,31.5888667,37000527.59
1000008,9.002192796,37000505
1000008,31.651649,37000527.65
1000008,24.81511994,37000520.82
1000008,48.44241695,37000544.44
1000008,29.71890998,37000525.72
1000008,28.342109,37000524.34
1000008,48.3719472,37000544.37
1000008,30.26768292,37000526.27
1000008,28.92340768,37000524.92
1000008,-18.42981141,37000477.57
1000008,29.3436009,37000525.34
1000008,-12.35746705,37000483.64
1000008,52.57865709,37000548.58
1000008,20.79418173,37000516.79
1000008,3.402895671,37000499.4
1000008,3.051197152,37000499.05
1000008,-10.75614042,37000485.24
1000008,19.75343976,37000515.75
1000008,42.42461152,37000538.42
1000008,46.32948375,37000542.33
1000008,14.1041521,37000510.1
1000008,38.02758147,37000534.03
1000008,4.457411428,37000500.46
1000008,-2.390479476,37000493.61
1000008,22.90588045,37000518.91
1000008,32.84702044,37000528.85
1000008,43.22931569,37000539.23
1000008,7.366830411,37000503.37
1000008,1.540186743,37000497.54
1000008,35.13488642,37000531.13
1000008,58.8683985,37000554.87
1000008,57.3957184,37000553.4
1000008,42.21730952,37000538.22
1000008,61.48693209,37000557.49
1000008,18.64491762,37000514.64
1000008,33.5510152,37000529.55
1000008,29.72779933,37000525.73
1000008,13.85506837,37000509.86
1000008,-9.882238723,37000486.12
1000008,26.92807179,37000522.93
1000008,32.45515192,37000528.46
1000008,21.51032064,37000517.51
1000008,39.71361264,37000535.71
1000008,-0.722787673,37000495.28
1000008,35.16069885,37000531.16
1000008,5.328425233,37000501.33
1000008,26.28853342,37000522.29
1000008,-21.68381119,37000474.32
1000008,68.16880804,37000564.17
1000008,-30.1338145,37000465.87
1000008,97.34611498,37000593.35
1000008,50.83916941,37000546.84
1000008,-12.13507581,37000483.86
1000008,20.80939624,37000516.81
1000008,23.80590657,37000519.81
1000008,17.66829203,37000513.67
1000008,11.17079392,37000507.17
1000008,1.882422965,37000497.88
1000008,20.21120094,37000516.21
1000008,21.24376774,37000517.24
1000008,13.41711831,37000509.42
1000008,15.53677007,37000511.54
1000008,12.49297956,37000508.49
1000008,29.59631822,37000525.6
1000008,25.40681753,37000521.41
1000008,-8.901612144,37000487.1
1000008,-28.28076595,37000467.72
1000008,-11.93862727,37000484.06
1000008,24.411615,37000520.41
1000008,54.91762225,37000550.92
1000008,10.66378174,37000506.66
1000008,47.35066797,37000543.35
1000008,-1.897058989,37000494.1
1000008,20.22447639,37000516.22
1000008,-34.64949795,37000461.35
1000008,32.95095395,37000528.95
1000008,11.30965538,37000507.31
1000008,-23.41480203,37000472.59
1000008,4.030537802,37000500.03
1000008,43.42793385,37000539.43
1000008,-33.22076809,37000462.78
1000008,19.8078122,37000515.81
1000008,12.28344474,37000508.28
1000008,-51.64706306,37000444.35
1000008,5.233096244,37000501.23
1000008,36.45692146,37000532.46
1000008,22.53074232,37000518.53
1000008,46.07929203,37000542.08
1000008,44.73130549,37000540.73
1000008,35.53681745,37000531.54
1000008,8.316505174,37000504.32
1000008,-26.77895462,37000469.22
1000008,78.45325715,37000574.45
1000008,29.64224455,37000525.64
1000008,27.68841483,37000523.69
1000008,-6.984622868,37000489.02
1000008,8.161590614,37000504.16
1000008,25.56898486,37000521.57
1000008,46.64591122,37000542.65
1000008,1.03371716,37000497.03
1000008,5.386259545,37000501.39
1000008,11.97353923,37000507.97
1000008,2.884259096,37000498.88
1000008,-0.507327182,37000495.49
1000008,11.64375126,37000507.64
1000008,22.26784031,37000518.27
1000008,-23.30925121,37000472.69
1000008,-7.712538021,37000488.29
1000008,37.02206888,37000533.02
1000008,32.83648257,37000528.84
1000008,66.17138745,37000562.17
1000008,7.077658224,37000503.08
1000008,20.28711522,37000516.29
1000008,4.380980944,37000500.38
1000008,11.96425572,37000507.96
1000008,-22.44994805,37000473.55
1000008,-0.25751755,37000495.74
1000008,34.68345735,37000530.68
1000008,13.28392338,37000509.28
1000008,51.19574293,37000547.2
1000008,-12.28165568,37000483.72
1000008,90.15246899,37000586.15
1000008,49.40278411,37000545.4
1000008,44.95957317,37000540.96
1000008,28.67021825,37000524.67
1000008,15.57965511,37000511.58
1000008,13.81185972,37000509.81
1000008,8.680722323,37000504.68
1000008,-43.32025274,37000452.68
1000008,27.13194514,37000523.13
1000008,13.52873679,37000509.53
1000008,32.8289143,37000528.83
1000008,-27.54452953,37000468.46
1000008,65.73470973,37000561.73
1000008,4.235226489,37000500.24
1000008,12.19285918,37000508.19
1000008,-4.359830419,37000491.64
1000008,44.36442379,37000540.36
1000008,9.982298102,37000505.98
1000008,27.30182135,37000523.3
1000008,-24.17663227,37000471.82
1000008,13.31961577,37000509.32
1000008,34.72996381,37000530.73
1000008,33.94600117,37000529.95
1000008,54.84302473,37000550.84
1000008,7.652893401,37000503.65
1000008,24.99887893,37000521
1000008,46.18989622,37000542.19
1000008,34.59448654,37000530.59
1000008,39.53018331,37000535.53
1000008,27.27937207,37000523.28
1000008,22.10003444,37000518.1
1000008,-1.878079217,37000494.12
1000008,40.10951939,37000536.11
1000008,18.74648881,37000514.75
1000008,9.83117332,37000505.83
1000008,41.6237521,37000537.62
1000008,16.00334097,37000512
1000008,15.88171734,37000511.88
1000008,41.66494783,37000537.66
1000008,64.7953349,37000560.8
1000008,60.77862052,37000556.78
1000008,25.14868794,37000521.15
1000008,31.10933063,37000527.11
1000008,36.91810684,37000532.92
1000008,22.14115412,37000518.14
1000008,-17.8600218,37000478.14
1000008,5.66188335,37000501.66
1000008,49.56589351,37000545.57
1000008,6.388825991,37000502.39
1000008,64.69763803,37000560.7
1000008,-14.52815127,37000481.47
1000008,-18.35439861,37000477.65
1000008,-45.02942193,37000450.97
1000008,25.11797572,37000521.12
1000008,53.29766706,37000549.3
1000008,38.07733144,37000534.08
1000008,22.08279349,37000518.08
1000008,-48.76360042,37000447.24
1000008,34.78356182,37000530.78
1000008,23.9456639,37000519.95
1000008,17.513007,37000513.51
1000008,35.25948431,37000531.26
1000008,45.61067284,37000541.61
1000008,56.97466987,37000552.97
1000008,42.57675137,37000538.58
1000008,46.29203265,37000542.29
1000008,23.03611749,37000519.04
1000008,25.32027749,37000521.32
1000008,33.120511,37000529.12
1000008,45.03141892,37000541.03
1000008,29.25677863,37000525.26
1000008,24.35663324,37000520.36
1000008,26.20602701,37000522.21
1000008,39.84714143,37000535.85
1000008,24.82863164,37000520.83
1000008,38.49794821,37000534.5
1000008,36.55141779,37000532.55
1000008,-14.19120885,37000481.81
1000008,40.98830918,37000536.99
1000008,-3.71505102,37000492.28
1000008,64.04114785,37000560.04
1000008,41.23113264,37000537.23
1000008,-15.50915854,37000480.49
1000008,47.53667394,37000543.54
1000008,28.0686608,37000524.07
1000008,50.11392447,37000546.11
1000008,49.61504835,37000545.62
1000008,12.58936214,37000508.59
1000008,-3.605552088,37000492.39
1000008,2.303515452,37000498.3
1000008,-1.530477798,37000494.47
1000008,40.88718059,37000536.89
1000008,6.579086403,37000502.58
1000008,60.32468803,37000556.32
1000008,37.24326974,37000533.24
1000008,-4.264775674,37000491.74
1000008,-8.759459954,37000487.24
1000008,-16.36337198,37000479.64
1000008,13.06642528,37000509.07
1000008,33.04146556,37000529.04
1000008,11.05984716,37000507.06
1000008,-5.70965073,37000490.29
1000008,19.37805099,37000515.38
1000008,-28.10981479,37000467.89
1000008,45.73078237,37000541.73
1000008,1.425082417,37000497.43
1000008,18.80485563,37000514.8
1000008,23.17693818,37000519.18
1000008,-14.82020345,37000481.18
1000008,-14.19453647,37000481.81
1000008,13.78602044,37000509.79
1000008,19.43875692,37000515.44
1000008,47.201014,37000543.2
1000008,52.99098129,37000548.99
1000008,33.5789661,37000529.58
1000008,-36.55020056,37000459.45
1000008,40.20888828,37000536.21
1000008,12.24188027,37000508.24
1000008,38.15705097,37000534.16
1000008,40.73579293,37000536.74
1000008,-0.72949605,37000495.27
1000008,16.76049518,37000512.76
1000008,39.7192336,37000535.72
1000008,-35.80474373,37000460.2
1000008,13.28354355,37000509.28
1000008,1.335303161,37000497.34
1000008,9.905745266,37000505.91
1000008,19.98257969,37000515.98
1000008,-24.52259865,37000471.48
1000008,8.948205248,37000504.95
1000008,-25.53792799,37000470.46
1000008,-17.08605851,37000478.91
1000008,41.608731,37000537.61
1000008,-10.28620685,37000485.71
1000008,45.62350819,37000541.62
1000008,8.548880166,37000504.55
1000008,39.45166505,37000535.45
1000008,17.68029036,37000513.68
1000008,16.84074656,37000512.84
1000008,0.004222944,37000496
1000008,-12.52068338,37000483.48
1000008,-15.01052112,37000480.99
1000008,41.53535761,37000537.54
1000008,-11.71991259,37000484.28
1000008,42.85936216,37000538.86
1000008,14.17879387,37000510.18
1000008,42.14216003,37000538.14
1000008,12.62576799,37000508.63
1000008,20.46971565,37000516.47
1000008,0.390339137,37000496.39
1000008,49.58632423,37000545.59
1000008,81.15168195,37000577.15
1000008,34.00338688,37000530
1000008,10.5794409,37000506.58
1000008,-14.27028025,37000481.73
1000008,50.43152693,37000546.43
1000008,24.53276244,37000520.53
1000008,30.57545817,37000526.58
1000008,37.9132117,37000533.91
1000008,57.74319046,37000553.74
1000008,38.64703339,37000534.65
1000008,2.747059279,37000498.75
1000008,26.40076356,37000522.4
1000008,1.082681853,37000497.08
1000008,33.61756959,37000529.62
1000008,27.54938201,37000523.55
1000008,63.07903127,37000559.08
1000008,3.155244297,37000499.16
1000008,64.38395304,37000560.38
1000008,5.89809545,37000501.9
1000008,31.66624945,37000527.67
1000008,-2.054063086,37000493.95
1000008,13.028335,37000509.03
1000008,39.42393153,37000535.42
1000008,47.84608013,37000543.85
1000008,68.6197989,37000564.62
1000008,-3.486751884,37000492.51
1000008,-2.24525064,37000493.75
1000008,45.76646731,37000541.77
1000008,65.89396254,37000561.89
1000008,5.354585549,37000501.35
1000008,7.615878125,37000503.62
1000008,0.707076218,37000496.71
1000008,12.94865469,37000508.95
1000008,13.73798801,37000509.74
1000008,35.23668071,37000531.24
1000008,34.74604306,37000530.75
1000008,14.69442936,37000510.69
1000008,18.0803051,37000514.08
1000008,61.3676668,37000557.37
1000008,47.97415989,37000543.97
1000008,35.03301095,37000531.03
1000008,31.28749159,37000527.29
1000008,39.72861094,37000535.73
1000008,25.09321563,37000521.09
1000008,62.90269447,37000558.9
1000008,25.11890993,37000521.12
1000008,17.99763671,37000514
1000008,-7.538558047,37000488.46
1000008,-2.207144456,37000493.79
1000008,2.884679696,37000498.88
1000008,0.293795781,37000496.29
1000008,27.0890033,37000523.09
1000008,16.25482322,37000512.25
1000008,8.453740165,37000504.45
1000008,1.330072928,37000497.33
1000008,-5.269235993,37000490.73
1000008,15.82792714,37000511.83
1000008,21.75063998,37000517.75
1000008,50.41424806,37000546.41
1000008,27.18362218,37000523.18
1000008,39.80531662,37000535.81
1000008,23.11269596,37000519.11
1000008,58.52934715,37000554.53
1000008,35.83072006,37000531.83
1000008,-1.499679954,37000494.5
1000008,2.051287704,37000498.05
1000008,0.362448066,37000496.36
1000008,-5.750599482,37000490.25
1000008,26.87201371,37000522.87
1000008,3.292187206,37000499.29
1000008,-12.30520288,37000483.69
1000008,26.01341954,37000522.01
1000008,46.62916867,37000542.63
1000008,22.71646505,37000518.72
1000008,40.92403216,37000536.92
1000008,35.25410645,37000531.25
1000008,53.38200987,37000549.38
1000008,13.53539629,37000509.54
1000008,27.31677468,37000523.32
1000008,5.111243291,37000501.11
1000008,-20.22449303,37000475.78
1000008,27.7695725,37000523.77
1000008,76.18523658,37000572.19
1000008,-11.99075325,37000484.01
1000008,-5.223106094,37000490.78
1000008,-11.25987368,37000484.74
1000008,7.941699754,37000503.94
1000008,18.05937764,37000514.06
1000008,-8.587353867,37000487.41
1000008,40.42722539,37000536.43
1000008,-40.02905609,37000455.97
1000008,-18.75645165,37000477.24
1000008,18.98205755,37000514.98
1000008,28.3475521,37000524.35
1000008,23.01876641,37000519.02
1000008,44.36900649,37000540.37
1000008,27.37781997,37000523.38
1000008,33.36473456,37000529.36
1000008,52.1738455,37000548.17
1000008,-0.362772228,37000495.64
1000008,36.05894536,37000532.06
1000008,21.96473697,37000517.96
1000008,6.382252542,37000502.38
1000008,40.02144003,37000536.02
1000008,107.9437949,37000603.94
1000008,46.14707214,37000542.15
1000008,-14.2355498,37000481.76
1000008,-0.89987417,37000495.1
1000008,36.71099245,37000532.71
1000008,23.37502046,37000519.38
1000008,55.30795675,37000551.31
1000008,-16.64070504,37000479.36
1000008,-2.424602882,37000493.58
1000008,32.33258283,37000528.33
1000008,13.71802235,37000509.72
1000008,15.57401271,37000511.57
1000008,44.70712499,37000540.71
1000008,11.72687209,37000507.73
1000008,13.34631893,37000509.35
1000008,15.82271747,37000511.82
1000008,21.25244182,37000517.25
1000008,38.75190181,37000534.75
1000008,13.18196285,37000509.18
1000008,85.86149512,37000581.86
1000008,15.31401651,37000511.31
1000008,21.62264315,37000517.62
1000008,28.4273424,37000524.43
1000008,27.80467918,37000523.8
1000008,57.30944966,37000553.31
1000008,40.81605158,37000536.82
1000008,49.39958296,37000545.4
1000008,10.64477239,37000506.64
1000008,41.75078216,37000537.75
1000008,-12.16910346,37000483.83
1000008,2.77964766,37000498.78
1000008,65.65178836,37000561.65
1000008,-16.91975803,37000479.08
1000008,58.54080126,37000554.54
1000008,16.45897291,37000512.46
1000008,50.54141679,37000546.54
1000008,45.70562991,37000541.71
1000008,29.42635408,37000525.43
1000008,-2.80112568,37000493.2
1000008,6.051332255,37000502.05
1000008,100.398138,37000596.4
1000008,36.38837859,37000532.39
1000008,26.8755299,37000522.88
1000008,13.47778269,37000509.48
1000008,1.985529982,37000497.99
1000008,-1.325187083,37000494.67
1000008,40.73782433,37000536.74
1000008,46.80864557,37000542.81
1000008,0.649329805,37000496.65
1000008,37.44384671,37000533.44
1000008,-19.95508938,37000476.04
1000008,-0.684956528,37000495.32
1000008,53.32228399,37000549.32
1000008,46.00118447,37000542
1000008,-0.695683264,37000495.3
1000008,13.26773436,37000509.27
1000008,31.35701486,37000527.36
1000008,19.72464083,37000515.72
1000008,3.583384416,37000499.58
1000008,16.44794284,37000512.45
1000008,38.73439923,37000534.73
1000008,14.82683001,37000510.83
1000008,5.879018177,37000501.88
1000008,13.32258103,37000509.32
1000008,22.12053179,37000518.12
1000008,22.82615161,37000518.83
1000008,47.78572888,37000543.79
1000008,11.77830741,37000507.78
1000008,8.236042864,37000504.24
1000008,39.86962666,37000535.87
1000008,17.70694282,37000513.71
1000008,28.16069081,37000524.16
1000008,35.32301828,37000531.32
1000008,12.03940127,37000508.04
1000008,-28.5339826,37000467.47
1000008,11.15818801,37000507.16
1000008,36.02605844,37000532.03
1000008,13.6487918,37000509.65
1000008,16.25231791,37000512.25
1000008,-14.27825823,37000481.72
1000008,28.63751919,37000524.64
1000008,11.17774924,37000507.18
1000008,-9.472757332,37000486.53
1000008,-7.623546886,37000488.38
1000008,13.03491357,37000509.03
1000008,36.76618384,37000532.77
1000008,15.45113559,37000511.45
1000008,9.989552112,37000505.99
1000008,19.10277254,37000515.1
1000008,21.57258682,37000517.57
1000008,6.118291886,37000502.12
1000008,14.29141134,37000510.29
1000008,15.02297701,37000511.02
1000008,10.96413428,37000506.96
1000008,-13.50798681,37000482.49
1000008,-1.752368889,37000494.25
1000008,-1.744452355,37000494.26
1000008,27.59690544,37000523.6
1000008,5.685573922,37000501.69
1000008,14.13104088,37000510.13
1000008,9.97589551,37000505.98
1000008,1.955171145,37000497.96
1000008,-19.1528661,37000476.85
1000008,14.55369678,37000510.55
1000008,10.62107638,37000506.62
1000008,52.78364086,37000548.78
1000008,23.25073501,37000519.25
1000008,22.31875037,37000518.32
1000008,-20.4128235,37000475.59
1000008,6.489111161,37000502.49
1000008,34.69594647,37000530.7
1000008,-19.35992713,37000476.64
1000008,-20.41739073,37000475.58
1000008,12.54845532,37000508.55
1000008,6.226612188,37000502.23
1000008,37.07562728,37000533.08
1000008,15.65956601,37000511.66
1000008,52.80651907,37000548.81
1000008,-7.659946794,37000488.34
1000008,32.69192982,37000528.69
1000008,2.005751346,37000498.01
1000008,58.15248076,37000554.15
1000008,18.50446992,37000514.5
1000008,13.27769415,37000509.28
1000008,-19.43745773,37000476.56
1000008,14.36332796,37000510.36
1000008,103.1429458,37000599.14
1000008,66.72897517,37000562.73
1000008,20.08223797,37000516.08
1000008,30.07661141,37000526.08
1000008,21.31677558,37000517.32
1000008,29.94700854,37000525.95
1000008,34.15559593,37000530.16
1000008,54.10890547,37000550.11
1000008,60.31182092,37000556.31
1000008,57.45159213,37000553.45
1000008,1.951892837,37000497.95
1000008,-34.55055423,37000461.45
1000008,63.34618477,37000559.35
1000008,18.52111753,37000514.52
1000008,-2.032138064,37000493.97
1000008,51.39072543,37000547.39
1000008,-17.1531676,37000478.85
1000008,4.652444093,37000500.65
1000008,-20.45836626,37000475.54
1000008,12.89374933,37000508.89
1000008,-3.739146225,37000492.26
1000008,41.3854884,37000537.39
1000008,19.77977427,37000515.78
1000008,44.85701319,37000540.86
1000008,68.04574524,37000564.05
1000008,0.740436511,37000496.74
1000008,15.67085207,37000511.67
1000008,2.591898861,37000498.59
1000008,43.54150542,37000539.54
1000008,2.177845624,37000498.18
1000008,3.196664678,37000499.2
1000008,-20.89231416,37000475.11
1000008,-16.26165507,37000479.74
1000008,15.79717429,37000511.8
1000008,29.70641692,37000525.71
1000008,24.61639311,37000520.62
1000008,34.18861428,37000530.19
1000008,5.195144972,37000501.2
1000008,11.84968067,37000507.85
1000008,20.57984884,37000516.58
1000008,20.56636897,37000516.57
1000008,4.476018661,37000500.48
1000008,-19.30635792,37000476.69
1000008,9.37332107,37000505.37
1000008,59.86571521,37000555.87
1000008,60.45221783,37000556.45
1000008,34.66359454,37000530.66
1000008,2.26681849,37000498.27
1000008,-15.43974078,37000480.56
1000008,11.54170487,37000507.54
1000008,1.23411622,37000497.23
1000008,-13.59850901,37000482.4
1000008,13.18301629,37000509.18
1000008,-0.478391157,37000495.52
1000008,-44.22429729,37000451.78
1000008,34.68512782,37000530.69
1000008,26.29353813,37000522.29
1000008,-1.984443228,37000494.02
1000008,24.04415497,37000520.04
1000008,25.04930835,37000521.05
1000008,40.70823328,37000536.71
1000008,27.67639659,37000523.68
1000008,13.76204892,37000509.76
1000008,58.93731779,37000554.94
1000008,41.74696975,37000537.75
1000008,35.44452264,37000531.44
1000008,-9.172155627,37000486.83
1000008,13.61756471,37000509.62
1000008,9.256687331,37000505.26
1000008,39.85327261,37000535.85
1000008,9.789902935,37000505.79
1000008,-8.056730479,37000487.94
1000008,-3.079579334,37000492.92
1000008,33.06121679,37000529.06
1000008,30.75783976,37000526.76
1000008,14.22444538,37000510.22
1000008,8.780333445,37000504.78
1000008,16.51434746,37000512.51
1000008,26.33234874,37000522.33
1000008,-17.76960296,37000478.23
1000008,10.16149416,37000506.16
1000008,37.32088064,37000533.32
1000008,-20.64729609,37000475.35
1000008,30.11644904,37000526.12
1000008,45.55149075,37000541.55
1000008,23.89361555,37000519.89
1000008,-5.794635704,37000490.21
1000008,1.52364394,37000497.52
1000008,-3.556352491,37000492.44
1000008,-1.154292013,37000494.85
1000008,-3.459271487,37000492.54
1000008,23.19416918,37000519.19
1000008,35.38196268,37000531.38
1000008,51.03764401,37000547.04
1000008,21.28192657,37000517.28
1000008,35.94863091,37000531.95
1000008,29.41831258,37000525.42
1000008,-7.638397176,37000488.36
1000008,25.48651695,37000521.49
1000008,82.49198534,37000578.49
1000008,16.95929283,37000512.96
1000008,6.450818552,37000502.45
1000008,63.74103313,37000559.74
1000008,47.18771154,37000543.19
1000008,28.34036017,37000524.34
1000008,-16.15811512,37000479.84
1000008,-20.57391995,37000475.43
1000008,1.017481545,37000497.02
1000008,-4.661128238,37000491.34
1000008,2.1135106,37000498.11
1000008,40.54802998,37000536.55
1000008,2.285843775,37000498.29
1000008,44.37881778,37000540.38
1000008,64.37599577,37000560.38
1000008,65.61608185,37000561.62
1000008,5.235641213,37000501.24
1000008,34.26808622,37000530.27
1000008,37.02882223,37000533.03
1000008,7.760057455,37000503.76
1000008,-10.92860924,37000485.07
1000008,-6.310094994,37000489.69
1000008,-15.9624678,37000480.04
1000008,49.25284802,37000545.25